Category title,Sub-category title,Class title,Sub-class title,Title names,Link items,Item description,Item tech,Item information
Băng dính,,,,Băng keo chống trượt bằng tấm cao su Makita 194417-8,https://super-mro.com/san-pham/bang-keo-chong-truot-bang-tam-cao-su-makita-194417-8.html,", Đại siêu thị Vật tư phụ tùng SUPER-MRO.COM hơn 10 năm kinh nghiệm trong ngành dụng cụ cầm tay, vật tư phụ tùng, đại diện phân phối của Makita, Khác là những hãng sản xuất thiết bị công nghiệp, Băng dính nổi tiếng Việt Nam và thế giới., Băng keo chống trượt bằng tấm cao su Makita 194417-8 là sản phẩm nổi tiếng của hãng Makita, bạn có thể mua Băng keo chống trượt bằng tấm cao su Makita 194417-8 giá rẻ nhất tại Super-mro chỉ với 848,000đ/Cái",[],"['Thương hiệu: Makita', 'Mã hệ thống: 8C0919', 'Model hãng: 194417-8', 'Đơn vị: Cái']"
Băng dính,,,,Băng keo cảm ứng khoanh vùng 15m drc200 Makita SH00000240,https://super-mro.com/san-pham/bang-keo-cam-ung-khoanh-vung-15m-drc200-makita-sh00000240.html,", Đại siêu thị Vật tư phụ tùng SUPER-MRO.COM hơn 10 năm kinh nghiệm trong ngành dụng cụ cầm tay, vật tư phụ tùng, đại diện phân phối của Makita, Khác là những hãng sản xuất thiết bị công nghiệp, Băng dính nổi tiếng Việt Nam và thế giới., Băng keo cảm ứng khoanh vùng 15m drc200 Makita SH00000240 là sản phẩm nổi tiếng của hãng Makita, bạn có thể mua Băng keo cảm ứng khoanh vùng 15m drc200 Makita SH00000240 giá rẻ nhất tại Super-mro chỉ với 971,000đ/Cái",[],"['Thương hiệu: Makita', 'Mã hệ thống: 8C0917', 'Model hãng: SH00000240', 'Đơn vị: Cái']"
Băng dính,,,,Băng keo cảm ứng drc300 Makita 191P18-9,https://super-mro.com/san-pham/bang-keo-cam-ung-drc300-makita-191p18-9.html,", Đại siêu thị Vật tư phụ tùng SUPER-MRO.COM hơn 10 năm kinh nghiệm trong ngành dụng cụ cầm tay, vật tư phụ tùng, đại diện phân phối của Makita, Khác là những hãng sản xuất thiết bị công nghiệp, Băng dính nổi tiếng Việt Nam và thế giới., Băng keo cảm ứng drc300 Makita 191P18-9 là sản phẩm nổi tiếng của hãng Makita, bạn có thể mua Băng keo cảm ứng drc300 Makita 191P18-9 giá rẻ nhất tại Super-mro chỉ với 651,000đ/Cái",[],"['Thương hiệu: Makita', 'Mã hệ thống: 8C0918', 'Model hãng: 191P18-9', 'Đơn vị: Cái']"
Băng dính,,,,Băng keo chống trượt thường Makita 194416-0,https://super-mro.com/san-pham/bang-dinh-vai-50mmx14m.html,", Đại siêu thị Vật tư phụ tùng SUPER-MRO.COM hơn 10 năm kinh nghiệm trong ngành dụng cụ cầm tay, vật tư phụ tùng, đại diện phân phối của Makita, Khác là những hãng sản xuất thiết bị công nghiệp, Băng dính nổi tiếng Việt Nam và thế giới., Băng keo chống trượt thường Makita 194416-0 là sản phẩm nổi tiếng của hãng Makita, bạn có thể mua Băng keo chống trượt thường Makita 194416-0 giá rẻ nhất tại Super-mro chỉ với 671,000đ/Cái",[],"['Thương hiệu: Khác', 'Mã hệ thống: 8B6278', 'Đơn vị: Cuộn']"
Băng dính,,,,Băng dính vải 50mmx14m,https://super-mro.com/san-pham/bang-keo-chong-truot-thuong-makita-194416-0.html,", Đại siêu thị Vật tư phụ tùng SUPER-MRO.COM hơn 10 năm kinh nghiệm trong ngành dụng cụ cầm tay, vật tư phụ tùng, đại diện phân phối của Makita, Khác là những hãng sản xuất thiết bị công nghiệp, Băng dính nổi tiếng Việt Nam và thế giới., Băng dính vải 50mmx14m là sản phẩm nổi tiếng của hãng Khác, bạn có thể mua Băng dính vải 50mmx14m giá rẻ nhất tại Super-mro chỉ với Liên hệ/Cuộn",['Quy cách:50mmx14m'],"['Thương hiệu: Makita', 'Mã hệ thống: 8C0920', 'Model hãng: 194416-0', 'Đơn vị: Cái']"
Băng dính,,,,Băng keo cảm ứng khoanh vùng 15m drc200 Makita SH00000231,https://super-mro.com/san-pham/bang-keo-cam-ung-khoanh-vung-15m-drc200-makita-sh00000231.html,", Đại siêu thị Vật tư phụ tùng SUPER-MRO.COM hơn 10 năm kinh nghiệm trong ngành dụng cụ cầm tay, vật tư phụ tùng, đại diện phân phối của Makita, Khác là những hãng sản xuất thiết bị công nghiệp, Băng dính nổi tiếng Việt Nam và thế giới., Băng keo cảm ứng khoanh vùng 15m drc200 Makita SH00000231 là sản phẩm nổi tiếng của hãng Makita, bạn có thể mua Băng keo cảm ứng khoanh vùng 15m drc200 Makita SH00000231 giá rẻ nhất tại Super-mro chỉ với 1,033,000đ/Cái",[],"['Thương hiệu: Makita', 'Mã hệ thống: 8C0916', 'Model hãng: SH00000231', 'Đơn vị: Cái']"
